{"cameraMode":{"drawMode":0,"name":"Shaded","section":"Shading Mode"},"sceneLighting":true,"audioPlay":false,"sceneViewState":{"m_AlwaysRefresh":false,"showFog":true,"showSkybox":true,"showFlares":true,"showImageEffects":true,"showParticleSystems":true,"showVisualEffectGraphs":true,"m_FxEnabled":true},"in2DMode":false,"pivot":{"x":0.19610285758972169,"y":-13.62820053100586,"z":15.59531021118164},"rotation":{"x":-0.3520059585571289,"y":-0.052752017974853519,"z":0.0198774766176939,"w":-0.9343069195747376},"size":27.274763107299806,"orthographic":false}