{"cameraMode":{"drawMode":0,"name":"Shaded","section":"Shading Mode"},"sceneLighting":true,"audioPlay":false,"sceneViewState":{"m_AlwaysRefresh":false,"showFog":true,"showSkybox":true,"showFlares":true,"showImageEffects":true,"showParticleSystems":true,"showVisualEffectGraphs":true,"m_FxEnabled":true},"in2DMode":false,"pivot":{"x":0.06136876344680786,"y":0.8418595790863037,"z":0.1082385778427124},"rotation":{"x":0.2158757746219635,"y":0.4779646694660187,"z":-0.1224568635225296,"w":0.8425902128219605},"size":0.6731153726577759,"orthographic":false}