{"cameraMode":{"drawMode":0,"name":"Shaded","section":"Shading Mode"},"sceneLighting":true,"audioPlay":false,"sceneViewState":{"m_AlwaysRefresh":false,"showFog":true,"showSkybox":true,"showFlares":true,"showImageEffects":true,"showParticleSystems":true,"showVisualEffectGraphs":true,"m_FxEnabled":true},"in2DMode":false,"pivot":{"x":0.5721904039382935,"y":2.5891056060791017,"z":-0.22046327590942384},"rotation":{"x":0.48449012637138369,"y":0.009180502966046334,"z":-0.005085637327283621,"w":0.8747357726097107},"size":6.118821144104004,"orthographic":false}