{"cameraMode":{"drawMode":0,"name":"Shaded","section":"Shading Mode"},"sceneLighting":false,"audioPlay":false,"sceneViewState":{"m_AlwaysRefresh":false,"showFog":true,"showSkybox":false,"showFlares":true,"showImageEffects":true,"showParticleSystems":true,"showVisualEffectGraphs":true,"m_FxEnabled":true},"in2DMode":false,"pivot":{"x":-9.911855697631836,"y":0.5373802781105042,"z":-5.050384521484375},"rotation":{"x":0.0018008867045864463,"y":0.9582805633544922,"z":-0.2857649028301239,"w":0.006038026884198189},"size":0.866025447845459,"orthographic":false}